{"scheduling": 0.0005884170532226562, "initial placement": 6.75922155380249, "intermediate placement": 0.15074944496154785, "routing": 0.02050638198852539, "total": 6.936649560928345}