{"scheduling": 0.0005769729614257812, "initial placement": 6.813947677612305, "intermediate placement": 0.13968110084533691, "routing": 0.015142440795898438, "total": 6.970890760421753}