{"scheduling": 8.654594421386719e-05, "initial placement": 7.211334705352783, "intermediate placement": 0.17142319679260254, "routing": 0.034502506256103516, "total": 7.420026540756226}