{"scheduling": 6.866455078125e-05, "initial placement": 6.528832674026489, "intermediate placement": 0.1618518829345703, "routing": 0.013621091842651367, "total": 6.706068754196167}