{"scheduling": 0.0007236003875732422, "initial placement": 7.124050855636597, "intermediate placement": 0.15971684455871582, "routing": 0.01614069938659668, "total": 7.306233644485474}