{"scheduling": 7.605552673339844e-05, "initial placement": 6.769221544265747, "intermediate placement": 0.15482783317565918, "routing": 0.017321109771728516, "total": 6.943185567855835}