{"scheduling": 3.981590270996094e-05, "initial placement": 6.465912342071533, "intermediate placement": 0.11114215850830078, "routing": 0.0076372623443603516, "total": 6.593058824539185}