{"scheduling": 3.409385681152344e-05, "initial placement": 6.304704189300537, "intermediate placement": 0.03507256507873535, "routing": 0.0044708251953125, "total": 6.345262289047241}