{"scheduling": 7.653236389160156e-05, "initial placement": 6.413308382034302, "intermediate placement": 0.13451027870178223, "routing": 0.02059340476989746, "total": 6.570228576660156}