{"scheduling": 9.369850158691406e-05, "initial placement": 7.091925621032715, "intermediate placement": 0.1793980598449707, "routing": 0.00823831558227539, "total": 7.28132176399231}