{"scheduling": 8.368492126464844e-05, "initial placement": 6.516110420227051, "intermediate placement": 0.14530539512634277, "routing": 0.013795614242553711, "total": 6.676914930343628}