{"scheduling": 7.390975952148438e-05, "initial placement": 6.506640434265137, "intermediate placement": 0.13774466514587402, "routing": 0.013882160186767578, "total": 6.660140037536621}