{"scheduling": 8.368492126464844e-05, "initial placement": 6.563335418701172, "intermediate placement": 0.1385328769683838, "routing": 0.018743515014648438, "total": 6.722622632980347}