{
  "cir_fidelity": 0.053932970131851075,
  "cir_fidelity_1q_gate": 0.903015732658591,
  "cir_fidelity_2q_gate": 0.3781618071286901,
  "cir_fidelity_2q_gate_for_idle": 1,
  "cir_fidelity_atom_transfer": 0.6137030113095178,
  "cir_fidelity_coherence": 0.2573493656805361,
  "cir_duration": 20890.05978054485
}