{"scheduling": 0.00010251998901367188, "initial placement": 7.1337573528289795, "intermediate placement": 0.16936922073364258, "routing": 0.02411675453186035, "total": 7.331883668899536}