{"scheduling": 7.748603820800781e-05, "initial placement": 6.486729860305786, "intermediate placement": 0.16107916831970215, "routing": 0.030103445053100586, "total": 6.679537773132324}