{"scheduling": 6.866455078125e-05, "initial placement": 6.687269449234009, "intermediate placement": 0.1397714614868164, "routing": 0.013516426086425781, "total": 6.842972755432129}