{
  "cir_fidelity": 0.04634806881861289,
  "cir_fidelity_1q_gate": 0.903015732658591,
  "cir_fidelity_2q_gate": 0.3781618071286901,
  "cir_fidelity_2q_gate_for_idle": 1,
  "cir_fidelity_atom_transfer": 0.5575003238156507,
  "cir_fidelity_coherence": 0.2434521070615267,
  "cir_duration": 21742.537352115327
}