{"scheduling": 7.05718994140625e-05, "initial placement": 7.240208148956299, "intermediate placement": 0.13662004470825195, "routing": 0.014678239822387695, "total": 7.393317461013794}