{
  "cir_fidelity": 0.05272535717042793,
  "cir_fidelity_1q_gate": 0.903015732658591,
  "cir_fidelity_2q_gate": 0.3781618071286901,
  "cir_fidelity_2q_gate_for_idle": 1,
  "cir_fidelity_atom_transfer": 0.5575003238156508,
  "cir_fidelity_coherence": 0.2769500353714287,
  "cir_duration": 19796.283215619034
}