{"scheduling": 0.0002002716064453125, "initial placement": 6.704702138900757, "intermediate placement": 0.25240087509155273, "routing": 0.015180587768554688, "total": 6.975638389587402}