{"scheduling": 0.00010466575622558594, "initial placement": 6.6717445850372314, "intermediate placement": 0.131239652633667, "routing": 0.012712717056274414, "total": 6.81808066368103}