{
  "cir_fidelity": 0.05948363663643873,
  "cir_fidelity_1q_gate": 0.903015732658591,
  "cir_fidelity_2q_gate": 0.3781618071286901,
  "cir_fidelity_2q_gate_for_idle": 1,
  "cir_fidelity_atom_transfer": 0.6137030113095178,
  "cir_fidelity_coherence": 0.28383521469956186,
  "cir_duration": 19410.567287638147
}