{"scheduling": 9.512901306152344e-05, "initial placement": 6.99912691116333, "intermediate placement": 0.14133977890014648, "routing": 0.020089149475097656, "total": 7.163274526596069}