{
  "cir_fidelity": 0.21450819912045122,
  "cir_fidelity_1q_gate": 0.9545579011734772,
  "cir_fidelity_2q_gate": 0.6797938283326578,
  "cir_fidelity_2q_gate_for_idle": 1,
  "cir_fidelity_atom_transfer": 0.7231330071735675,
  "cir_fidelity_coherence": 0.4571368353000434,
  "cir_duration": 15144.387197743781
}