{"scheduling": 4.100799560546875e-05, "initial placement": 6.507132053375244, "intermediate placement": 0.11330103874206543, "routing": 0.00732874870300293, "total": 6.634619235992432}