{"scheduling": 6.031990051269531e-05, "initial placement": 6.557048320770264, "intermediate placement": 0.13199996948242188, "routing": 0.014238834381103516, "total": 6.704489231109619}