{"scheduling": 3.147125244140625e-05, "initial placement": 6.339813470840454, "intermediate placement": 0.03723430633544922, "routing": 0.006100177764892578, "total": 6.383832693099976}