{
  "cir_fidelity": 0.052755916454018364,
  "cir_fidelity_1q_gate": 0.903015732658591,
  "cir_fidelity_2q_gate": 0.3781618071286901,
  "cir_fidelity_2q_gate_for_idle": 1,
  "cir_fidelity_atom_transfer": 0.5575003238156507,
  "cir_fidelity_coherence": 0.2771105538605485,
  "cir_duration": 19787.529861524636
}