{
  "cir_fidelity": 0.052507115064151746,
  "cir_fidelity_1q_gate": 0.903015732658591,
  "cir_fidelity_2q_gate": 0.3781618071286901,
  "cir_fidelity_2q_gate_for_idle": 1,
  "cir_fidelity_atom_transfer": 0.5575003238156508,
  "cir_fidelity_coherence": 0.27580367691514834,
  "cir_duration": 19858.942524486025
}